<?xml version="1.0" encoding="UTF-8" standalone="no"?>
<Employees>
    <Employee>
        <DNI>39462414A</DNI>
        <Name>Diego</Name>
        <Surname>Ribas</Surname>
        <Salary>1000.0</Salary>
    </Employee>
    <Employee>
        <DNI>39452876B</DNI>
        <Name>Pablo</Name>
        <Surname>Sierra</Surname>
        <Salary>500.0</Salary>
    </Employee>
    <Employee>
        <DNI>98765432R</DNI>
        <Name>Victor</Name>
        <Surname>Landin</Surname>
        <Salary>100.0</Salary>
    </Employee>
    <Employee>
        <DNI>7947676747U</DNI>
        <Name>Carlos</Name>
        <Surname>Perez</Surname>
        <Salary>10.0</Salary>
    </Employee>
</Employees>
