<?xml version="1.0" encoding="UTF-8"?>
<!DOCTYPE hibernate-configuration PUBLIC
        "-//Hibernate/Hibernate Configuration DTD 3.0//EN"
        "https://hibernate.org/dtd/hibernate-configuration-3.0.dtd">
<hibernate-configuration>
    <session-factory>
        <!-- Database connection properties - Driver, URL, user, password -->
        <property name="hibernate.connection.driver_class">com.mysql.jdbc.Driver</property>
        <property name="hibernate.connection.url">jdbc:mysql://localhost/LibrosAutoresHibernate</property>
        <property name="hibernate.connection.username">root</property>
        <property name="hibernate.connection.password">1234</property>

        <!-- org.hibernate.HibernateException: No CurrentSessionContext configured! -->
        <property name="hibernate.current_session_context_class">thread</property>

        <!-- Mapping with model class containing annotations -->
        <mapping class="model.Autor"/>
        <mapping class="model.Libro"/>
        <mapping class="model.LibrosAutores"/>
    </session-factory>
</hibernate-configuration>